client_id,client_name,client_age,client_email,client_country,client_gender,client_type,client_company
1,Jean Beaglehole,91,jbeaglehole0@123-reg.co.uk,Japan,Other,External,Zenith Flow
2,Madelaine Tinsey,70,mtinsey1@mapy.cz,Russia,Male,External,Nimbus Forge
3,Giralda Narraway,35,gnarraway2@linkedin.com,China,Other,External,Prismara Labs
4,Nikos Yurasov,19,nyurasov3@weather.com,Mexico,Female,Internal,Ironleaf Dynamics
5,Kiley Milksop,60,kmilksop4@hc360.com,Nepal,Female,Internal,Ironleaf Dynamics
6,Farlay Malcolm,50,fmalcolm5@dailymotion.com,China,Female,External,Emberstone Systems
7,Stefan Rawsthorn,45,srawsthorn6@1688.com,Japan,Female,External,Prismara Labs
8,Minny Matushevich,72,mmatushevich7@nba.com,Thailand,Female,Internal,Aurora Nexus
9,Latia Gowen,97,lgowen8@rambler.ru,Syria,Female,External,Aurora Nexus
10,Elsa Boddie,72,eboddie9@hexun.com,Canada,Female,External,Prismara Labs
11,Kelsi McCallion,45,kmccalliona@abc.net.au,Czech Republic,Other,External,Ironleaf Dynamics
12,Danny O'Kelly,70,dokellyb@usa.gov,United States,Other,External,Nimbus Forge
13,Flori Quenell,76,fquenellc@blogtalkradio.com,Denmark,Other,External,Emberstone Systems
14,Egan Alliban,43,ealliband@ustream.tv,Russia,Other,External,Prismara Labs
15,Tadeo Keeffe,74,tkeeffee@live.com,China,Male,External,Emberstone Systems
16,Sada Legerwood,84,slegerwoodf@smugmug.com,Czech Republic,Male,External,Nimbus Forge
17,Mace Ateggart,48,mateggartg@networksolutions.com,Thailand,Other,Internal,Ironleaf Dynamics
18,Wylie Hulkes,61,whulkesh@g.co,Vietnam,Other,Internal,Nimbus Forge
19,Pooh Curless,19,pcurlessi@paginegialle.it,Indonesia,Other,Internal,Aurora Nexus
20,Glenden Gramer,56,ggramerj@ucsd.edu,Finland,Male,External,Ironleaf Dynamics
21,Earl Sleeman,78,esleemank@posterous.com,Poland,Other,Internal,Zenith Flow
22,Cammie April,22,caprill@toplist.cz,Poland,Male,Internal,Prismara Labs
23,Talyah Hatwells,45,thatwellsm@zimbio.com,Poland,Female,Internal,Aurora Nexus
24,Tybie Valentinetti,34,tvalentinettin@people.com.cn,Russia,Other,Internal,Nimbus Forge
25,Edithe Lanegran,74,elanegrano@cdbaby.com,Thailand,Male,External,Nimbus Forge
26,Franciskus Aglione,86,faglionep@digg.com,China,Other,External,Aurora Nexus
27,Alvinia Cleator,53,acleatorq@addthis.com,Philippines,Other,Internal,Emberstone Systems
28,Sheryl Andresen,73,sandresenr@cmu.edu,Russia,Male,External,Nimbus Forge
29,Emlyn Yekel,71,eyekels@zimbio.com,Saint Kitts and Nevis,Female,Internal,Prismara Labs
30,Morgen Tatton,58,mtattont@pbs.org,Australia,Female,Internal,Ironleaf Dynamics
31,Talyah Antrack,54,tantracku@topsy.com,Bangladesh,Other,External,Ironleaf Dynamics
32,Krispin Bennit,52,kbennitv@xinhuanet.com,Mexico,Male,External,Nimbus Forge
33,Ferdie Fayter,81,ffayterw@yellowpages.com,Indonesia,Other,Internal,Nimbus Forge
34,Marabel Tailby,44,mtailbyx@sfgate.com,Mongolia,Other,External,Emberstone Systems
35,Verile Brugh,53,vbrughy@cbsnews.com,Sweden,Female,Internal,Aurora Nexus
36,Sylas Severn,68,ssevernz@businesswire.com,China,Male,Internal,Ironleaf Dynamics
37,Porter Rogister,79,progister10@aboutads.info,China,Male,Internal,Nimbus Forge
38,Bud Ackerley,99,backerley11@devhub.com,Russia,Female,External,Nimbus Forge
39,Cybill Dillow,28,cdillow12@woothemes.com,South Korea,Male,Internal,Nimbus Forge
40,Justus Crevy,35,jcrevy13@posterous.com,Malaysia,Female,External,Ironleaf Dynamics
41,Alicea Babonau,75,ababonau14@apple.com,Peru,Male,External,Ironleaf Dynamics
42,Clayborn Scandwright,54,cscandwright15@cnet.com,Brazil,Female,Internal,Emberstone Systems
43,Burk Teeney,83,bteeney16@unblog.fr,Poland,Male,Internal,Aurora Nexus
44,Jsandye Chesher,94,jchesher17@independent.co.uk,China,Other,External,Prismara Labs
45,Abigael Byk,75,abyk18@usatoday.com,Czech Republic,Other,External,Emberstone Systems
46,Ariel Szymanowski,56,aszymanowski19@gnu.org,Brazil,Male,Internal,Prismara Labs
47,Babbette Demangel,80,bdemangel1a@deliciousdays.com,Norway,Female,External,Nimbus Forge
48,Lawrence Burl,18,lburl1b@barnesandnoble.com,Pakistan,Female,External,Prismara Labs
49,Gilli Sember,55,gsember1c@edublogs.org,China,Male,Internal,Prismara Labs
50,Dimitry Camili,53,dcamili1d@msn.com,Egypt,Other,External,Prismara Labs
51,Tarra Crosskell,19,tcrosskell1e@imdb.com,Russia,Female,Internal,Emberstone Systems
52,Marta Elwill,100,melwill1f@rakuten.co.jp,China,Other,Internal,Aurora Nexus
53,Bernadette Bellringer,80,bbellringer1g@examiner.com,Syria,Other,Internal,Ironleaf Dynamics
54,Torey Growcott,56,tgrowcott1h@nsw.gov.au,France,Male,Internal,Prismara Labs
55,Errol Redparth,93,eredparth1i@plala.or.jp,Serbia,Male,External,Prismara Labs
56,Eleonora Braams,79,ebraams1j@taobao.com,Philippines,Other,Internal,Nimbus Forge
57,Yvonne Glowacz,44,yglowacz1k@canalblog.com,Czech Republic,Female,Internal,Prismara Labs
58,Eleanora Velasquez,75,evelasquez1l@constantcontact.com,United States,Other,External,Prismara Labs
59,Elijah Shinton,47,eshinton1m@tinyurl.com,Netherlands,Other,Internal,Emberstone Systems
60,Jabez Glowacz,24,jglowacz1n@nps.gov,Portugal,Other,External,Aurora Nexus
61,Brade Stroulger,85,bstroulger1o@geocities.jp,Poland,Female,Internal,Emberstone Systems
62,Sandor Guess,34,sguess1p@utexas.edu,Austria,Other,Internal,Aurora Nexus
63,Page Dornin,94,pdornin1q@issuu.com,Indonesia,Male,Internal,Prismara Labs
64,Milka Jacobsson,22,mjacobsson1r@elpais.com,Israel,Male,External,Aurora Nexus
65,Dareen Loncaster,79,dloncaster1s@mashable.com,Brazil,Other,Internal,Prismara Labs
66,Allx McGibbon,77,amcgibbon1t@webs.com,South Africa,Male,Internal,Nimbus Forge
67,Hendrick Frushard,67,hfrushard1u@jigsy.com,Japan,Other,Internal,Ironleaf Dynamics
68,Marie-jeanne Dupey,79,mdupey1v@smugmug.com,China,Other,External,Emberstone Systems
69,Jamima Keyme,60,jkeyme1w@homestead.com,Iraq,Male,External,Emberstone Systems
70,Robin Jansky,64,rjansky1x@unc.edu,Guatemala,Female,External,Ironleaf Dynamics
71,Aura Tattersdill,67,atattersdill1y@narod.ru,China,Other,Internal,Prismara Labs
72,Danya Ovesen,75,dovesen1z@slashdot.org,Brazil,Other,External,Ironleaf Dynamics
73,Renaldo Henrionot,66,rhenrionot20@tiny.cc,Norway,Male,External,Zenith Flow
74,Patience Odlin,60,podlin21@dagondesign.com,Brazil,Female,Internal,Ironleaf Dynamics
75,Ellissa Palister,97,epalister22@eventbrite.com,Indonesia,Other,External,Emberstone Systems
76,Deane Boyson,65,dboyson23@businesswire.com,Colombia,Other,Internal,Ironleaf Dynamics
77,Amos Stanning,69,astanning24@addtoany.com,Russia,Female,Internal,Nimbus Forge
78,Bruno Britland,86,bbritland25@csmonitor.com,Czech Republic,Female,External,Prismara Labs
79,Mira Blincow,38,mblincow26@dailymail.co.uk,China,Other,Internal,Prismara Labs
80,Sonni Ratie,87,sratie27@china.com.cn,Czech Republic,Male,Internal,Nimbus Forge
81,Hyacinthia Northam,26,hnortham28@npr.org,China,Other,Internal,Zenith Flow
82,Onida Kevern,75,okevern29@virginia.edu,Indonesia,Male,External,Prismara Labs
83,Adda Ludwell,86,aludwell2a@unicef.org,China,Female,Internal,Prismara Labs
84,Brannon Simecek,91,bsimecek2b@storify.com,Indonesia,Male,External,Zenith Flow
85,Donavon O'Scollee,64,doscollee2c@about.com,Serbia,Female,Internal,Zenith Flow
86,Xavier Rumbelow,38,xrumbelow2d@irs.gov,Tanzania,Male,External,Zenith Flow
87,Troy Scardifield,76,tscardifield2e@ibm.com,Indonesia,Female,External,Aurora Nexus
88,Vilhelmina Fillimore,60,vfillimore2f@xing.com,Mexico,Other,External,Aurora Nexus
89,Frannie Raselles,72,fraselles2g@ca.gov,China,Male,External,Ironleaf Dynamics
90,Carolynn Zanni,90,czanni2h@spotify.com,China,Male,Internal,Ironleaf Dynamics
91,Bondie McPherson,36,bmcpherson2i@aboutads.info,South Africa,Female,External,Aurora Nexus
92,Gunilla Stoven,31,gstoven2j@hexun.com,Ethiopia,Male,Internal,Zenith Flow
93,Gianina Deex,62,gdeex2k@comsenz.com,Iraq,Female,External,Emberstone Systems
94,Gareth Mollindinia,87,gmollindinia2l@csmonitor.com,South Korea,Male,External,Emberstone Systems
95,Terri Vecard,33,tvecard2m@facebook.com,Honduras,Female,Internal,Aurora Nexus
96,Valdemar Escot,19,vescot2n@barnesandnoble.com,China,Male,Internal,Zenith Flow
97,Doro Tully,34,dtully2o@alibaba.com,Albania,Other,Internal,Nimbus Forge
98,Germana Preston,27,gpreston2p@theatlantic.com,China,Other,External,Zenith Flow
99,Aeriela Marl,35,amarl2q@simplemachines.org,Honduras,Female,Internal,Zenith Flow
100,Averill Strafen,38,astrafen2r@ihg.com,Uganda,Male,External,Nimbus Forge
